{
  "repo": "D:\\locbench\\mistune",
  "num_commits": 40,
  "modes": [
    "llm"
  ],
  "total_runs": 40,
  "runs": 40,
  "success_rate": 0.975,
  "verifier_ok_rate": 0.9230769230769231,
  "avg_num_targets": 1.0512820512820513,
  "avg_num_changed_targets": 1.0512820512820513,
  "avg_patch_total_lines": 15.41025641025641,
  "avg_duration_ms": 43769.769230769234,
  "avg_runner_ms": 58482.775,
  "avg_impacted_total": 1.2820512820512822,
  "avg_impacted_internal": 1.2820512820512822,
  "avg_impacted_internal_ratio": 0.4358974358974359,
  "avg_llm_success_rate": 0.41025641025641024,
  "avg_llm_total_latency_ms": 42466.307692307695,
  "avg_llm_total_prompt_tokens": 1404.051282051282,
  "avg_llm_total_completion_tokens": 1355.7948717948718,
  "config": {
    "max_hops": 2,
    "parser": "treesitter",
    "seed_scope": "code_only",
    "limit_targets": 50,
    "style": "auto",
    "timeout": 600
  },
  "generated_at": "2026-02-11T10:49:44",
  "out_dir": "D:\\locbench\\analyzer\\runs\\mistune\\batch_run\\20260210_144330"
}