{
    "agent_success_rate":  0.9882352941176471,
    "avg_impacted_total":  2739.0555555555557,
    "verifier_ok_rate":  0.97619047619047616,
    "limit_targets":  50,
    "avg_patch_total_lines":  20.238095238095237,
    "avg_num_targets":  3.7380952380952381,
    "num_commits":  85,
    "parser":  "ast",
    "max_hops":  2,
    "seed_scope":  "code_only",
    "avg_duration_ms":  12203.202380952382,
    "avg_subprocess_calls":  7.8928571428571432,
    "out_dir":  "D:\\locbench\\analyzer\\runs\\sqlalchemy\\agent_batch\\20260126_221250",
    "avg_ast_parse_calls":  31.111111111111111,
    "avg_runner_ms":  12185.341176470589,
    "avg_git_show_calls":  13.75,
    "generated_at":  "2026-01-26T22:31:16",
    "avg_impacted_internal":  1184.75,
    "repo":  "D:\\locbench\\sqlalchemy",
    "avg_impacted_internal_ratio":  0.51586725070332817
}
