{
  "repo": "D:\\locbench\\loguru",
  "num_commits": 40,
  "modes": [
    "llm"
  ],
  "total_runs": 40,
  "runs": 40,
  "success_rate": 0.95,
  "verifier_ok_rate": 0.9736842105263158,
  "avg_num_targets": 0.9736842105263158,
  "avg_num_changed_targets": 0.9736842105263158,
  "avg_patch_total_lines": 84.73684210526316,
  "avg_duration_ms": 41758.07894736842,
  "avg_runner_ms": 70493.1,
  "avg_impacted_total": 4.342105263157895,
  "avg_impacted_internal": 1.1842105263157894,
  "avg_impacted_internal_ratio": 0.19253506573451173,
  "avg_llm_success_rate": 0.34210526315789475,
  "avg_llm_total_latency_ms": 40183.47368421053,
  "avg_llm_total_prompt_tokens": 3578.4210526315787,
  "avg_llm_total_completion_tokens": 1336.6315789473683,
  "config": {
    "max_hops": 2,
    "parser": "treesitter",
    "seed_scope": "code_only",
    "limit_targets": 50,
    "style": "auto",
    "timeout": 600
  },
  "generated_at": "2026-02-11T10:10:36",
  "out_dir": "D:\\locbench\\analyzer\\runs\\loguru\\batch_run\\20260210_144248"
}