{
  "repo": "D:\\locbench\\python-unidiff",
  "num_commits": 143,
  "agent_success_rate": 0.993006993006993,
  "verifier_ok_rate": 1.0,
  "avg_num_targets": 1.0211267605633803,
  "avg_patch_total_lines": 4.274647887323944,
  "avg_duration_ms": 509.7957746478873,
  "avg_runner_ms": 601.5454545454545,
  "avg_subprocess_calls": 2.992957746478873,
  "avg_git_show_calls": 0.9929577464788732,
  "avg_ast_parse_calls": 3.035211267605634,
  "avg_impacted_total": 18.838028169014084,
  "avg_impacted_internal": 7.922535211267606,
  "avg_impacted_internal_ratio": 0.2635205512080155,
  "seed_scope": "code_only",
  "parser": "ast",
  "max_hops": 2,
  "limit_targets": 50,
  "generated_at": "2026-01-26T19:55:50",
  "out_dir": "D:\\locbench\\analyzer\\runs\\python-unidiff\\agent_batch\\20260126_195422"
}