{
  "repo": "D:\\locbench\\black",
  "num_commits": 200,
  "agent_success_rate": 0.985,
  "verifier_ok_rate": 0.9949238578680203,
  "avg_num_targets": 1.101522842639594,
  "avg_patch_total_lines": 5.573604060913706,
  "avg_duration_ms": 2442.1725888324872,
  "avg_runner_ms": 2520.975,
  "avg_subprocess_calls": 2.8883248730964466,
  "avg_git_show_calls": 0.8883248730964467,
  "avg_ast_parse_calls": 3.0913705583756346,
  "avg_impacted_total": 92.27918781725889,
  "avg_impacted_internal": 54.30964467005076,
  "avg_impacted_internal_ratio": 0.2616818297482002,
  "seed_scope": "code_only",
  "parser": "ast",
  "max_hops": 2,
  "limit_targets": 50,
  "generated_at": "2026-01-26T20:15:28",
  "out_dir": "D:\\locbench\\analyzer\\runs\\black\\agent_batch\\20260126_200702"
}